Submission id,Participant id,Status,Custom study tncs accepted at,Started at,Completed at,Reviewed at,Archived at,Time taken,Completion code,Total approvals,Fluent languages,Age,Sex,Ethnicity simplified,Country of birth,Country of residence,Nationality,Language,Student status,Employment status
REDACTED,REDACTED,APPROVED,Not Applicable,REDACTED,REDACTED,REDACTED,REDACTED,885,REDACTED,REDACTED,English,59,Female,White,United States,United States,United States,English,No,DATA_EXPIRED
REDACTED,REDACTED,APPROVED,Not Applicable,REDACTED,REDACTED,REDACTED,REDACTED,1021,REDACTED,REDACTED,English,60,Female,White,United States,United States,United States,English,No,DATA_EXPIRED
REDACTED,REDACTED,APPROVED,Not Applicable,REDACTED,REDACTED,REDACTED,REDACTED,3004,REDACTED,REDACTED,English,58,Female,White,United States,United States,United States,English,No,Unemployed (and job seeking)
REDACTED,REDACTED,APPROVED,Not Applicable,REDACTED,REDACTED,REDACTED,REDACTED,876,REDACTED,REDACTED,English,64,Female,White,United States,United States,United States,English,No,"Not in paid work (e.g. homemaker', 'retired or disabled)"
REDACTED,REDACTED,APPROVED,Not Applicable,REDACTED,REDACTED,REDACTED,REDACTED,1389,REDACTED,REDACTED,English,69,Female,White,United States,United States,United States,English,No,"Not in paid work (e.g. homemaker', 'retired or disabled)"
REDACTED,REDACTED,APPROVED,Not Applicable,REDACTED,REDACTED,REDACTED,REDACTED,919,REDACTED,REDACTED,English,58,Female,White,United States,United States,United States,English,No,DATA_EXPIRED
REDACTED,REDACTED,APPROVED,Not Applicable,REDACTED,REDACTED,REDACTED,REDACTED,797,REDACTED,REDACTED,English,62,Female,White,United States,United States,United States,English,No,Part-Time
REDACTED,REDACTED,APPROVED,Not Applicable,REDACTED,REDACTED,REDACTED,REDACTED,1312,REDACTED,REDACTED,English,58,Female,White,United States,United States,United States,English,No,DATA_EXPIRED
REDACTED,REDACTED,APPROVED,Not Applicable,REDACTED,REDACTED,REDACTED,REDACTED,1157,REDACTED,REDACTED,English,75,Female,White,United States,United States,United States,English,No,"Not in paid work (e.g. homemaker', 'retired or disabled)"
REDACTED,REDACTED,APPROVED,Not Applicable,REDACTED,REDACTED,REDACTED,REDACTED,1389,REDACTED,REDACTED,English,59,Female,White,United States,United States,United States,English,No,Part-Time
REDACTED,REDACTED,APPROVED,Not Applicable,REDACTED,REDACTED,REDACTED,REDACTED,596,REDACTED,REDACTED,English,59,Female,White,United States,United States,United States,English,No,Part-Time
REDACTED,REDACTED,APPROVED,Not Applicable,REDACTED,REDACTED,REDACTED,REDACTED,1294,REDACTED,REDACTED,English,64,Female,White,United States,United States,United States,English,No,DATA_EXPIRED
REDACTED,REDACTED,APPROVED,Not Applicable,REDACTED,REDACTED,REDACTED,REDACTED,715,REDACTED,REDACTED,English,60,Female,White,United States,United States,United States,English,DATA_EXPIRED,DATA_EXPIRED
REDACTED,REDACTED,APPROVED,Not Applicable,REDACTED,REDACTED,REDACTED,REDACTED,3734,REDACTED,REDACTED,English,65,Female,White,United States,United States,United States,English,No,"Not in paid work (e.g. homemaker', 'retired or disabled)"
REDACTED,REDACTED,APPROVED,Not Applicable,REDACTED,REDACTED,REDACTED,REDACTED,1146,REDACTED,REDACTED,English,69,Female,White,United States,United States,United States,English,No,DATA_EXPIRED
REDACTED,REDACTED,APPROVED,Not Applicable,REDACTED,REDACTED,REDACTED,REDACTED,1901,REDACTED,REDACTED,English,71,Female,White,United States,United States,United States,English,No,"Not in paid work (e.g. homemaker', 'retired or disabled)"
REDACTED,REDACTED,APPROVED,Not Applicable,REDACTED,REDACTED,REDACTED,REDACTED,1704,REDACTED,REDACTED,"English, French",61,Female,White,United States,United States,United States,English,No,Full-Time
REDACTED,REDACTED,APPROVED,Not Applicable,REDACTED,REDACTED,REDACTED,REDACTED,1073,REDACTED,REDACTED,English,61,Female,White,United States,United States,United States,English,No,Other
REDACTED,REDACTED,APPROVED,Not Applicable,REDACTED,REDACTED,REDACTED,REDACTED,904,REDACTED,REDACTED,English,60,Female,White,United States,United States,United States,English,No,Part-Time
REDACTED,REDACTED,APPROVED,Not Applicable,REDACTED,REDACTED,REDACTED,REDACTED,817,REDACTED,REDACTED,English,63,Female,White,United States,United States,United States,English,No,Unemployed (and job seeking)
REDACTED,REDACTED,APPROVED,Not Applicable,REDACTED,REDACTED,REDACTED,REDACTED,1052,REDACTED,REDACTED,"French, English",59,Female,White,Canada,United States,United States,English,No,"Not in paid work (e.g. homemaker', 'retired or disabled)"
REDACTED,REDACTED,APPROVED,Not Applicable,REDACTED,REDACTED,REDACTED,REDACTED,845,REDACTED,REDACTED,English,68,Female,White,United States,United States,United States,English,No,DATA_EXPIRED
REDACTED,REDACTED,APPROVED,Not Applicable,REDACTED,REDACTED,REDACTED,REDACTED,1358,REDACTED,REDACTED,English,59,Female,White,United States,United States,United States,English,No,"Not in paid work (e.g. homemaker', 'retired or disabled)"
REDACTED,REDACTED,APPROVED,Not Applicable,REDACTED,REDACTED,REDACTED,REDACTED,1260,REDACTED,REDACTED,English,59,Female,White,United States,United States,United States,English,DATA_EXPIRED,DATA_EXPIRED
REDACTED,REDACTED,APPROVED,Not Applicable,REDACTED,REDACTED,REDACTED,REDACTED,790,REDACTED,REDACTED,English,61,Female,White,United States,United States,United States,English,No,DATA_EXPIRED
REDACTED,REDACTED,APPROVED,Not Applicable,REDACTED,REDACTED,REDACTED,REDACTED,522,REDACTED,REDACTED,English,60,Female,White,United States,United States,United States,English,No,Part-Time
REDACTED,REDACTED,APPROVED,Not Applicable,REDACTED,REDACTED,REDACTED,REDACTED,2103,REDACTED,REDACTED,English,75,Female,White,United States,United States,United States,English,No,"Not in paid work (e.g. homemaker', 'retired or disabled)"
REDACTED,REDACTED,APPROVED,Not Applicable,REDACTED,REDACTED,REDACTED,REDACTED,1938,REDACTED,REDACTED,English,73,Female,White,United States,United States,United States,English,No,"Not in paid work (e.g. homemaker', 'retired or disabled)"
REDACTED,REDACTED,APPROVED,Not Applicable,REDACTED,REDACTED,REDACTED,REDACTED,711,REDACTED,REDACTED,English,73,Female,White,United States,United States,United States,English,Yes,DATA_EXPIRED
REDACTED,REDACTED,APPROVED,Not Applicable,REDACTED,REDACTED,REDACTED,REDACTED,1315,REDACTED,REDACTED,English,62,Female,White,United States,United States,United States,English,No,Part-Time
REDACTED,REDACTED,APPROVED,Not Applicable,REDACTED,REDACTED,REDACTED,REDACTED,782,REDACTED,REDACTED,English,61,Female,White,United States,United States,United States,English,No,Full-Time
REDACTED,REDACTED,APPROVED,Not Applicable,REDACTED,REDACTED,REDACTED,REDACTED,671,REDACTED,REDACTED,English,60,Female,White,United States,United States,United States,English,No,"Not in paid work (e.g. homemaker', 'retired or disabled)"
REDACTED,REDACTED,APPROVED,Not Applicable,REDACTED,REDACTED,REDACTED,REDACTED,705,REDACTED,REDACTED,English,61,Female,White,Philippines,United States,United States,English,No,Part-Time
REDACTED,REDACTED,APPROVED,Not Applicable,REDACTED,REDACTED,REDACTED,REDACTED,613,REDACTED,REDACTED,English,61,Female,White,United States,United States,United States,English,DATA_EXPIRED,DATA_EXPIRED
REDACTED,REDACTED,APPROVED,Not Applicable,REDACTED,REDACTED,REDACTED,REDACTED,571,REDACTED,REDACTED,English,62,Female,White,United States,United States,United States,English,DATA_EXPIRED,DATA_EXPIRED
REDACTED,REDACTED,APPROVED,Not Applicable,REDACTED,REDACTED,REDACTED,REDACTED,1066,REDACTED,REDACTED,English,62,Female,White,United States,United States,United States,English,No,"Not in paid work (e.g. homemaker', 'retired or disabled)"
REDACTED,REDACTED,APPROVED,Not Applicable,REDACTED,REDACTED,REDACTED,REDACTED,1136,REDACTED,REDACTED,English,65,Female,White,United States,United States,United States,English,No,"Not in paid work (e.g. homemaker', 'retired or disabled)"
REDACTED,REDACTED,APPROVED,Not Applicable,REDACTED,REDACTED,REDACTED,REDACTED,829,REDACTED,REDACTED,English,65,Female,White,United States,United States,United States,English,No,Full-Time
REDACTED,REDACTED,APPROVED,Not Applicable,REDACTED,REDACTED,REDACTED,REDACTED,1385,REDACTED,REDACTED,English,58,Female,White,United States,United States,United States,English,No,Unemployed (and job seeking)
REDACTED,REDACTED,APPROVED,Not Applicable,REDACTED,REDACTED,REDACTED,REDACTED,1009,REDACTED,REDACTED,English,74,Female,White,United States,United States,United States,English,No,"Not in paid work (e.g. homemaker', 'retired or disabled)"
REDACTED,REDACTED,APPROVED,Not Applicable,REDACTED,REDACTED,REDACTED,REDACTED,919,REDACTED,REDACTED,English,60,Female,White,United States,United States,United States,English,No,Part-Time
REDACTED,REDACTED,APPROVED,Not Applicable,REDACTED,REDACTED,REDACTED,REDACTED,388,REDACTED,REDACTED,English,58,Male,White,United States,United States,United States,English,No,DATA_EXPIRED
REDACTED,REDACTED,APPROVED,Not Applicable,REDACTED,REDACTED,REDACTED,REDACTED,1079,REDACTED,REDACTED,English,58,Male,White,United States,United States,United States,English,No,"Not in paid work (e.g. homemaker', 'retired or disabled)"
REDACTED,REDACTED,APPROVED,Not Applicable,REDACTED,REDACTED,REDACTED,REDACTED,728,REDACTED,REDACTED,English,76,Male,White,United States,United States,United States,English,No,"Not in paid work (e.g. homemaker', 'retired or disabled)"
REDACTED,REDACTED,APPROVED,Not Applicable,REDACTED,REDACTED,REDACTED,REDACTED,758,REDACTED,REDACTED,English,61,Male,White,United States,United States,United States,English,No,Full-Time
REDACTED,REDACTED,APPROVED,Not Applicable,REDACTED,REDACTED,REDACTED,REDACTED,936,REDACTED,REDACTED,English,64,Male,White,United States,United States,United States,English,DATA_EXPIRED,DATA_EXPIRED
REDACTED,REDACTED,APPROVED,Not Applicable,REDACTED,REDACTED,REDACTED,REDACTED,643,REDACTED,REDACTED,English,62,Male,White,United States,United States,United States,English,No,Full-Time
REDACTED,REDACTED,APPROVED,Not Applicable,REDACTED,REDACTED,REDACTED,REDACTED,1306,REDACTED,REDACTED,English,61,Male,White,United States,United States,United States,English,No,"Not in paid work (e.g. homemaker', 'retired or disabled)"
REDACTED,REDACTED,APPROVED,Not Applicable,REDACTED,REDACTED,REDACTED,REDACTED,776,REDACTED,REDACTED,English,69,Male,White,United States,United States,United States,English,No,"Not in paid work (e.g. homemaker', 'retired or disabled)"
REDACTED,REDACTED,APPROVED,Not Applicable,REDACTED,REDACTED,REDACTED,REDACTED,1187,REDACTED,REDACTED,English,60,Male,White,United States,United States,United States,English,No,"Not in paid work (e.g. homemaker', 'retired or disabled)"
REDACTED,REDACTED,APPROVED,Not Applicable,REDACTED,REDACTED,REDACTED,REDACTED,582,REDACTED,REDACTED,English,64,Male,White,United States,United States,United States,English,No,Full-Time
REDACTED,REDACTED,APPROVED,Not Applicable,REDACTED,REDACTED,REDACTED,REDACTED,927,REDACTED,REDACTED,English,60,Male,White,Sierra Leone,United States,United States,English,No,Full-Time
REDACTED,REDACTED,APPROVED,Not Applicable,REDACTED,REDACTED,REDACTED,REDACTED,783,REDACTED,REDACTED,English,71,Male,White,United States,United States,United States,English,No,Full-Time
REDACTED,REDACTED,APPROVED,Not Applicable,REDACTED,REDACTED,REDACTED,REDACTED,677,REDACTED,REDACTED,English,62,Male,White,United States,United States,United States,English,No,Full-Time
REDACTED,REDACTED,APPROVED,Not Applicable,REDACTED,REDACTED,REDACTED,REDACTED,1646,REDACTED,REDACTED,English,66,Male,White,United States,United States,United States,English,No,DATA_EXPIRED
REDACTED,REDACTED,APPROVED,Not Applicable,REDACTED,REDACTED,REDACTED,REDACTED,873,REDACTED,REDACTED,English,68,Male,White,United States,United States,United States,English,No,"Not in paid work (e.g. homemaker', 'retired or disabled)"
REDACTED,REDACTED,APPROVED,Not Applicable,REDACTED,REDACTED,REDACTED,REDACTED,913,REDACTED,REDACTED,English,67,Male,White,United States,United States,United States,English,No,Full-Time
REDACTED,REDACTED,APPROVED,Not Applicable,REDACTED,REDACTED,REDACTED,REDACTED,2351,REDACTED,REDACTED,English,59,Male,White,United States,United States,United States,English,No,Full-Time
REDACTED,REDACTED,APPROVED,Not Applicable,REDACTED,REDACTED,REDACTED,REDACTED,828,REDACTED,REDACTED,English,70,Male,White,United States,United States,United States,English,No,"Not in paid work (e.g. homemaker', 'retired or disabled)"
REDACTED,REDACTED,APPROVED,Not Applicable,REDACTED,REDACTED,REDACTED,REDACTED,1269,REDACTED,REDACTED,English,73,Male,White,United States,United States,United States,English,No,"Not in paid work (e.g. homemaker', 'retired or disabled)"
REDACTED,REDACTED,APPROVED,Not Applicable,REDACTED,REDACTED,REDACTED,REDACTED,1529,REDACTED,REDACTED,English,64,Male,White,United States,United States,United States,English,DATA_EXPIRED,DATA_EXPIRED
REDACTED,REDACTED,APPROVED,Not Applicable,REDACTED,REDACTED,REDACTED,REDACTED,1062,REDACTED,REDACTED,English,58,Male,White,United States,United States,United States,English,No,"Not in paid work (e.g. homemaker', 'retired or disabled)"
REDACTED,REDACTED,APPROVED,Not Applicable,REDACTED,REDACTED,REDACTED,REDACTED,935,REDACTED,REDACTED,English,61,Male,White,United States,United States,United States,English,No,Part-Time
REDACTED,REDACTED,APPROVED,Not Applicable,REDACTED,REDACTED,REDACTED,REDACTED,633,REDACTED,REDACTED,English,67,Male,White,United States,United States,United States,English,No,"Not in paid work (e.g. homemaker', 'retired or disabled)"
REDACTED,REDACTED,APPROVED,Not Applicable,REDACTED,REDACTED,REDACTED,REDACTED,1835,REDACTED,REDACTED,English,58,Male,White,United States,United States,United States,English,No,DATA_EXPIRED
REDACTED,REDACTED,APPROVED,Not Applicable,REDACTED,REDACTED,REDACTED,REDACTED,622,REDACTED,REDACTED,English,60,Male,White,Czech Republic,United States,United States,English,No,DATA_EXPIRED
REDACTED,REDACTED,APPROVED,Not Applicable,REDACTED,REDACTED,REDACTED,REDACTED,1192,REDACTED,REDACTED,English,68,Male,White,United States,United States,United States,English,No,"Not in paid work (e.g. homemaker', 'retired or disabled)"
REDACTED,REDACTED,APPROVED,Not Applicable,REDACTED,REDACTED,REDACTED,REDACTED,928,REDACTED,REDACTED,English,78,Male,White,United States,United States,United States,English,No,"Not in paid work (e.g. homemaker', 'retired or disabled)"
REDACTED,REDACTED,APPROVED,Not Applicable,REDACTED,REDACTED,REDACTED,REDACTED,997,REDACTED,REDACTED,English,67,Male,White,United States,United States,United States,English,No,"Not in paid work (e.g. homemaker', 'retired or disabled)"
REDACTED,REDACTED,APPROVED,Not Applicable,REDACTED,REDACTED,REDACTED,REDACTED,1216,REDACTED,REDACTED,English,77,Male,White,United States,United States,United States,English,No,"Not in paid work (e.g. homemaker', 'retired or disabled)"
REDACTED,REDACTED,APPROVED,Not Applicable,REDACTED,REDACTED,REDACTED,REDACTED,560,REDACTED,REDACTED,English,61,Male,White,United States,United States,United States,English,No,"Not in paid work (e.g. homemaker', 'retired or disabled)"
REDACTED,REDACTED,APPROVED,Not Applicable,REDACTED,REDACTED,REDACTED,REDACTED,1915,REDACTED,REDACTED,English,59,Male,White,United States,United States,United States,English,No,DATA_EXPIRED
REDACTED,REDACTED,APPROVED,Not Applicable,REDACTED,REDACTED,REDACTED,REDACTED,1258,REDACTED,REDACTED,"English, German",83,Male,White,United States,United States,United States,English,No,"Not in paid work (e.g. homemaker', 'retired or disabled)"
REDACTED,REDACTED,APPROVED,Not Applicable,REDACTED,REDACTED,REDACTED,REDACTED,3215,REDACTED,REDACTED,English,79,Male,White,United States,United States,United States,English,DATA_EXPIRED,DATA_EXPIRED
REDACTED,REDACTED,APPROVED,Not Applicable,REDACTED,REDACTED,REDACTED,REDACTED,973,REDACTED,REDACTED,English,69,Male,White,United States,United States,United States,English,No,Other
REDACTED,REDACTED,APPROVED,Not Applicable,REDACTED,REDACTED,REDACTED,REDACTED,1116,REDACTED,REDACTED,"English, Spanish",65,Male,White,United States,United States,United States,English,DATA_EXPIRED,DATA_EXPIRED
REDACTED,REDACTED,APPROVED,Not Applicable,REDACTED,REDACTED,REDACTED,REDACTED,1080,REDACTED,REDACTED,English,26,Male,White,United States,United States,United States,English,No,Unemployed (and job seeking)
REDACTED,REDACTED,APPROVED,Not Applicable,REDACTED,REDACTED,REDACTED,REDACTED,2597,REDACTED,REDACTED,English,26,Male,White,United States,United States,United States,English,Yes,DATA_EXPIRED
REDACTED,REDACTED,APPROVED,Not Applicable,REDACTED,REDACTED,REDACTED,REDACTED,961,REDACTED,REDACTED,English,23,Male,White,United States,United States,United States,English,DATA_EXPIRED,DATA_EXPIRED
REDACTED,REDACTED,APPROVED,Not Applicable,REDACTED,REDACTED,REDACTED,REDACTED,729,REDACTED,REDACTED,English,24,Male,White,United States,United States,United States,English,DATA_EXPIRED,DATA_EXPIRED
REDACTED,REDACTED,APPROVED,Not Applicable,REDACTED,REDACTED,REDACTED,REDACTED,1783,REDACTED,REDACTED,"English, Spanish",21,Male,White,United States,United States,United States,Spanish,Yes,DATA_EXPIRED
REDACTED,REDACTED,APPROVED,Not Applicable,REDACTED,REDACTED,REDACTED,REDACTED,477,REDACTED,REDACTED,English,22,Male,White,United States,United States,United States,English,Yes,Unemployed (and job seeking)
REDACTED,REDACTED,APPROVED,Not Applicable,REDACTED,REDACTED,REDACTED,REDACTED,1038,REDACTED,REDACTED,English,21,Male,White,United States,United States,United States,English,No,Full-Time
REDACTED,REDACTED,APPROVED,Not Applicable,REDACTED,REDACTED,REDACTED,REDACTED,1056,REDACTED,REDACTED,English,23,Male,White,United States,United States,United States,English,DATA_EXPIRED,DATA_EXPIRED
REDACTED,REDACTED,APPROVED,Not Applicable,REDACTED,REDACTED,REDACTED,REDACTED,736,REDACTED,REDACTED,"English, French",22,Male,White,United States,United States,United States,English,Yes,Part-Time
REDACTED,REDACTED,APPROVED,Not Applicable,REDACTED,REDACTED,REDACTED,REDACTED,1402,REDACTED,REDACTED,English,20,Male,White,United States,United States,United States,English,Yes,Other
REDACTED,REDACTED,APPROVED,Not Applicable,REDACTED,REDACTED,REDACTED,REDACTED,874,REDACTED,REDACTED,English,26,Male,White,United States,United States,United States,English,No,Full-Time
REDACTED,REDACTED,APPROVED,Not Applicable,REDACTED,REDACTED,REDACTED,REDACTED,663,REDACTED,REDACTED,English,22,Male,White,United States,United States,United States,English,Yes,Full-Time
REDACTED,REDACTED,APPROVED,Not Applicable,REDACTED,REDACTED,REDACTED,REDACTED,1081,REDACTED,REDACTED,English,26,Male,White,Mexico,United States,United States,Spanish,Yes,Part-Time
REDACTED,REDACTED,APPROVED,Not Applicable,REDACTED,REDACTED,REDACTED,REDACTED,462,REDACTED,REDACTED,"English, German",26,Male,White,United States,United States,United States,English,DATA_EXPIRED,DATA_EXPIRED
REDACTED,REDACTED,APPROVED,Not Applicable,REDACTED,REDACTED,REDACTED,REDACTED,597,REDACTED,REDACTED,English,24,Male,White,United States,United States,United States,English,DATA_EXPIRED,DATA_EXPIRED
REDACTED,REDACTED,APPROVED,Not Applicable,REDACTED,REDACTED,REDACTED,REDACTED,1116,REDACTED,REDACTED,English,22,Male,White,United States,United States,United States,English,Yes,Other
REDACTED,REDACTED,APPROVED,Not Applicable,REDACTED,REDACTED,REDACTED,REDACTED,1675,REDACTED,REDACTED,English,24,Male,White,United States,United States,United States,English,DATA_EXPIRED,DATA_EXPIRED
REDACTED,REDACTED,APPROVED,Not Applicable,REDACTED,REDACTED,REDACTED,REDACTED,630,REDACTED,REDACTED,English,DATA_EXPIRED,Male,White,United States,United States,United States,English,No,Full-Time
REDACTED,REDACTED,APPROVED,Not Applicable,REDACTED,REDACTED,REDACTED,REDACTED,423,REDACTED,REDACTED,"English, Russian",26,Male,White,United States,United States,United States,English,No,Part-Time
REDACTED,REDACTED,APPROVED,Not Applicable,REDACTED,REDACTED,REDACTED,REDACTED,429,REDACTED,REDACTED,English,30,Male,White,United States,United States,United States,English,No,Full-Time
REDACTED,REDACTED,APPROVED,Not Applicable,REDACTED,REDACTED,REDACTED,REDACTED,892,REDACTED,REDACTED,English,31,Male,White,United States,United States,United States,English,No,Full-Time
REDACTED,REDACTED,APPROVED,Not Applicable,REDACTED,REDACTED,REDACTED,REDACTED,523,REDACTED,REDACTED,English,36,Male,White,United States,United States,United States,English,DATA_EXPIRED,DATA_EXPIRED
REDACTED,REDACTED,APPROVED,Not Applicable,REDACTED,REDACTED,REDACTED,REDACTED,664,REDACTED,REDACTED,English,34,Male,White,United States,United States,United States,English,No,DATA_EXPIRED
REDACTED,REDACTED,APPROVED,Not Applicable,REDACTED,REDACTED,REDACTED,REDACTED,943,REDACTED,REDACTED,English,33,Male,White,United States,United States,United States,English,DATA_EXPIRED,DATA_EXPIRED
REDACTED,REDACTED,APPROVED,Not Applicable,REDACTED,REDACTED,REDACTED,REDACTED,1340,REDACTED,REDACTED,English,29,Male,White,United States,United States,United States,English,No,Unemployed (and job seeking)
REDACTED,REDACTED,APPROVED,Not Applicable,REDACTED,REDACTED,REDACTED,REDACTED,1087,REDACTED,REDACTED,English,35,Male,White,United States,United States,United States,English,Yes,Full-Time
REDACTED,REDACTED,APPROVED,Not Applicable,REDACTED,REDACTED,REDACTED,REDACTED,600,REDACTED,REDACTED,English,34,Male,White,United States,United States,United States,English,No,Full-Time
REDACTED,REDACTED,APPROVED,Not Applicable,REDACTED,REDACTED,REDACTED,REDACTED,521,REDACTED,REDACTED,English,34,Male,White,United States,United States,United States,English,No,Part-Time
REDACTED,REDACTED,APPROVED,Not Applicable,REDACTED,REDACTED,REDACTED,REDACTED,1080,REDACTED,REDACTED,English,36,Male,White,United States,United States,United States,English,No,"Not in paid work (e.g. homemaker', 'retired or disabled)"
REDACTED,REDACTED,APPROVED,Not Applicable,REDACTED,REDACTED,REDACTED,REDACTED,605,REDACTED,REDACTED,English,34,Male,White,United States,United States,United States,English,No,DATA_EXPIRED
REDACTED,REDACTED,APPROVED,Not Applicable,REDACTED,REDACTED,REDACTED,REDACTED,1190,REDACTED,REDACTED,"English, Russian",37,Male,White,Ukraine,United States,United States,Russian,No,Full-Time
REDACTED,REDACTED,APPROVED,Not Applicable,REDACTED,REDACTED,REDACTED,REDACTED,1025,REDACTED,REDACTED,English,35,Male,White,United States,United States,United States,English,No,"Not in paid work (e.g. homemaker', 'retired or disabled)"
REDACTED,REDACTED,APPROVED,Not Applicable,REDACTED,REDACTED,REDACTED,REDACTED,528,REDACTED,REDACTED,English,35,Male,White,United States,United States,United States,English,DATA_EXPIRED,Full-Time
REDACTED,REDACTED,APPROVED,Not Applicable,REDACTED,REDACTED,REDACTED,REDACTED,533,REDACTED,REDACTED,English,34,Male,White,United States,United States,United States,English,DATA_EXPIRED,DATA_EXPIRED
REDACTED,REDACTED,APPROVED,Not Applicable,REDACTED,REDACTED,REDACTED,REDACTED,1243,REDACTED,REDACTED,English,30,Male,White,United States,United States,United States,English,Yes,Part-Time
REDACTED,REDACTED,APPROVED,Not Applicable,REDACTED,REDACTED,REDACTED,REDACTED,818,REDACTED,REDACTED,English,28,Male,White,United States,United States,United States,English,No,Part-Time
REDACTED,REDACTED,APPROVED,Not Applicable,REDACTED,REDACTED,REDACTED,REDACTED,924,REDACTED,REDACTED,English,32,Male,White,United States,United States,United States,English,DATA_EXPIRED,DATA_EXPIRED
REDACTED,REDACTED,APPROVED,Not Applicable,REDACTED,REDACTED,REDACTED,REDACTED,581,REDACTED,REDACTED,English,35,Male,White,United States,United States,United States,English,No,Full-Time
REDACTED,REDACTED,APPROVED,Not Applicable,REDACTED,REDACTED,REDACTED,REDACTED,1131,REDACTED,REDACTED,English,57,Male,White,United States,United States,United States,English,No,Full-Time
REDACTED,REDACTED,APPROVED,Not Applicable,REDACTED,REDACTED,REDACTED,REDACTED,645,REDACTED,REDACTED,English,56,Male,White,United States,United States,United States,English,No,DATA_EXPIRED
REDACTED,REDACTED,APPROVED,Not Applicable,REDACTED,REDACTED,REDACTED,REDACTED,690,REDACTED,REDACTED,English,56,Male,White,United States,United States,United States,English,No,Part-Time
REDACTED,REDACTED,APPROVED,Not Applicable,REDACTED,REDACTED,REDACTED,REDACTED,1111,REDACTED,REDACTED,English,50,Male,White,United States,United States,United States,English,DATA_EXPIRED,DATA_EXPIRED
REDACTED,REDACTED,APPROVED,Not Applicable,REDACTED,REDACTED,REDACTED,REDACTED,550,REDACTED,REDACTED,English,53,Male,White,United States,United States,United States,English,DATA_EXPIRED,DATA_EXPIRED
REDACTED,REDACTED,APPROVED,Not Applicable,REDACTED,REDACTED,REDACTED,REDACTED,527,REDACTED,REDACTED,English,48,Male,White,United States,United States,United States,English,No,Full-Time
REDACTED,REDACTED,APPROVED,Not Applicable,REDACTED,REDACTED,REDACTED,REDACTED,1712,REDACTED,REDACTED,English,54,Male,White,United States,United States,United States,English,DATA_EXPIRED,DATA_EXPIRED
REDACTED,REDACTED,APPROVED,Not Applicable,REDACTED,REDACTED,REDACTED,REDACTED,2067,REDACTED,REDACTED,English,52,Male,White,United States,United States,United States,English,No,Full-Time
REDACTED,REDACTED,APPROVED,Not Applicable,REDACTED,REDACTED,REDACTED,REDACTED,875,REDACTED,REDACTED,English,55,Male,White,United States,United States,United States,English,No,Full-Time
REDACTED,REDACTED,APPROVED,Not Applicable,REDACTED,REDACTED,REDACTED,REDACTED,1185,REDACTED,REDACTED,English,49,Male,White,United States,United States,United States,English,Yes,Unemployed (and job seeking)
REDACTED,REDACTED,APPROVED,Not Applicable,REDACTED,REDACTED,REDACTED,REDACTED,1215,REDACTED,REDACTED,English,48,Male,White,United States,United States,United States,English,No,Full-Time
REDACTED,REDACTED,APPROVED,Not Applicable,REDACTED,REDACTED,REDACTED,REDACTED,2063,REDACTED,REDACTED,English,53,Male,White,United States,United States,United States,English,No,Part-Time
REDACTED,REDACTED,APPROVED,Not Applicable,REDACTED,REDACTED,REDACTED,REDACTED,767,REDACTED,REDACTED,English,53,Male,White,United States,United States,United States,English,No,Full-Time
REDACTED,REDACTED,APPROVED,Not Applicable,REDACTED,REDACTED,REDACTED,REDACTED,622,REDACTED,REDACTED,English,50,Male,White,United States,United States,United States,English,No,DATA_EXPIRED
REDACTED,REDACTED,APPROVED,Not Applicable,REDACTED,REDACTED,REDACTED,REDACTED,361,REDACTED,REDACTED,English,49,Male,White,United States,United States,United States,English,No,"Not in paid work (e.g. homemaker', 'retired or disabled)"
REDACTED,REDACTED,APPROVED,Not Applicable,REDACTED,REDACTED,REDACTED,REDACTED,1070,REDACTED,REDACTED,English,52,Male,White,United States,United States,United States,English,No,"Not in paid work (e.g. homemaker', 'retired or disabled)"
REDACTED,REDACTED,APPROVED,Not Applicable,REDACTED,REDACTED,REDACTED,REDACTED,1191,REDACTED,REDACTED,English,51,Male,White,United States,United States,United States,English,No,Full-Time
REDACTED,REDACTED,APPROVED,Not Applicable,REDACTED,REDACTED,REDACTED,REDACTED,819,REDACTED,REDACTED,English,50,Male,White,United States,United States,United States,English,No,Part-Time
REDACTED,REDACTED,APPROVED,Not Applicable,REDACTED,REDACTED,REDACTED,REDACTED,578,REDACTED,REDACTED,English,54,Male,White,United States,United States,United States,English,DATA_EXPIRED,Full-Time
REDACTED,REDACTED,APPROVED,Not Applicable,REDACTED,REDACTED,REDACTED,REDACTED,605,REDACTED,REDACTED,English,55,Female,White,United States,United States,United States,English,No,Full-Time
REDACTED,REDACTED,APPROVED,Not Applicable,REDACTED,REDACTED,REDACTED,REDACTED,946,REDACTED,REDACTED,English,55,Female,White,United States,United States,United States,English,DATA_EXPIRED,Full-Time
REDACTED,REDACTED,APPROVED,Not Applicable,REDACTED,REDACTED,REDACTED,REDACTED,528,REDACTED,REDACTED,English,48,Female,White,United States,United States,United States,English,No,DATA_EXPIRED
REDACTED,REDACTED,APPROVED,Not Applicable,REDACTED,REDACTED,REDACTED,REDACTED,692,REDACTED,REDACTED,English,50,Female,White,United States,United States,United States,English,No,"Not in paid work (e.g. homemaker', 'retired or disabled)"
REDACTED,REDACTED,APPROVED,Not Applicable,REDACTED,REDACTED,REDACTED,REDACTED,1180,REDACTED,REDACTED,English,53,Female,White,United States,United States,United States,English,No,Full-Time
REDACTED,REDACTED,APPROVED,Not Applicable,REDACTED,REDACTED,REDACTED,REDACTED,1578,REDACTED,REDACTED,English,48,Female,White,United States,United States,United States,English,DATA_EXPIRED,DATA_EXPIRED
REDACTED,REDACTED,APPROVED,Not Applicable,REDACTED,REDACTED,REDACTED,REDACTED,1088,REDACTED,REDACTED,English,55,Female,White,United States,United States,United States,English,No,Full-Time
REDACTED,REDACTED,APPROVED,Not Applicable,REDACTED,REDACTED,REDACTED,REDACTED,603,REDACTED,REDACTED,English,50,Female,White,United States,United States,United States,English,No,Other
REDACTED,REDACTED,APPROVED,Not Applicable,REDACTED,REDACTED,REDACTED,REDACTED,1861,REDACTED,REDACTED,English,54,Female,White,United States,United States,United States,English,No,Full-Time
REDACTED,REDACTED,APPROVED,Not Applicable,REDACTED,REDACTED,REDACTED,REDACTED,777,REDACTED,REDACTED,English,57,Female,White,United States,United States,United States,English,No,Part-Time
REDACTED,REDACTED,APPROVED,Not Applicable,REDACTED,REDACTED,REDACTED,REDACTED,1453,REDACTED,REDACTED,English,51,Female,White,United States,United States,United States,English,Yes,Part-Time
REDACTED,REDACTED,APPROVED,Not Applicable,REDACTED,REDACTED,REDACTED,REDACTED,1587,REDACTED,REDACTED,English,53,Female,White,United States,United States,United States,English,DATA_EXPIRED,Full-Time
REDACTED,REDACTED,APPROVED,Not Applicable,REDACTED,REDACTED,REDACTED,REDACTED,500,REDACTED,REDACTED,English,52,Female,White,United States,United States,United States,English,No,"Not in paid work (e.g. homemaker', 'retired or disabled)"
REDACTED,REDACTED,APPROVED,Not Applicable,REDACTED,REDACTED,REDACTED,REDACTED,711,REDACTED,REDACTED,English,53,Female,White,United States,United States,United States,English,No,DATA_EXPIRED
REDACTED,REDACTED,APPROVED,Not Applicable,REDACTED,REDACTED,REDACTED,REDACTED,467,REDACTED,REDACTED,English,49,Female,White,United States,United States,United States,English,No,Full-Time
REDACTED,REDACTED,APPROVED,Not Applicable,REDACTED,REDACTED,REDACTED,REDACTED,2405,REDACTED,REDACTED,English,56,Female,White,United States,United States,United States,English,No,DATA_EXPIRED
REDACTED,REDACTED,APPROVED,Not Applicable,REDACTED,REDACTED,REDACTED,REDACTED,1371,REDACTED,REDACTED,English,52,Female,White,United States,United States,United States,English,No,Full-Time
REDACTED,REDACTED,APPROVED,Not Applicable,REDACTED,REDACTED,REDACTED,REDACTED,606,REDACTED,REDACTED,English,51,Female,White,United States,United States,United States,English,DATA_EXPIRED,DATA_EXPIRED
REDACTED,REDACTED,APPROVED,Not Applicable,REDACTED,REDACTED,REDACTED,REDACTED,1306,REDACTED,REDACTED,"English, Spanish",57,Female,White,Canada,United States,United States,English,DATA_EXPIRED,DATA_EXPIRED
REDACTED,REDACTED,APPROVED,Not Applicable,REDACTED,REDACTED,REDACTED,REDACTED,1207,REDACTED,REDACTED,"English, French",21,Female,White,United States,United States,United States,English,Yes,Other
REDACTED,REDACTED,APPROVED,Not Applicable,REDACTED,REDACTED,REDACTED,REDACTED,636,REDACTED,REDACTED,"English, French",23,Female,White,United States,United States,United States,English,Yes,Unemployed (and job seeking)
REDACTED,REDACTED,APPROVED,Not Applicable,REDACTED,REDACTED,REDACTED,REDACTED,1935,REDACTED,REDACTED,English,27,Female,White,United States,United States,United States,English,DATA_EXPIRED,DATA_EXPIRED
REDACTED,REDACTED,APPROVED,Not Applicable,REDACTED,REDACTED,REDACTED,REDACTED,554,REDACTED,REDACTED,English,24,Female,White,United States,United States,United States,English,No,Full-Time
REDACTED,REDACTED,APPROVED,Not Applicable,REDACTED,REDACTED,REDACTED,REDACTED,764,REDACTED,REDACTED,English,24,Female,White,United States,United States,United States,English,No,Unemployed (and job seeking)
REDACTED,REDACTED,APPROVED,Not Applicable,REDACTED,REDACTED,REDACTED,REDACTED,562,REDACTED,REDACTED,"English, Spanish",22,Female,White,United States,United States,United States,Spanish,Yes,Part-Time
REDACTED,REDACTED,APPROVED,Not Applicable,REDACTED,REDACTED,REDACTED,REDACTED,767,REDACTED,REDACTED,English,24,Female,White,United States,United States,United States,English,Yes,Unemployed (and job seeking)
REDACTED,REDACTED,APPROVED,Not Applicable,REDACTED,REDACTED,REDACTED,REDACTED,718,REDACTED,REDACTED,English,24,Female,White,United States,United States,United States,English,No,Unemployed (and job seeking)
REDACTED,REDACTED,APPROVED,Not Applicable,REDACTED,REDACTED,REDACTED,REDACTED,561,REDACTED,REDACTED,English,26,Female,White,United States,United States,United States,English,No,Full-Time
REDACTED,REDACTED,APPROVED,Not Applicable,REDACTED,REDACTED,REDACTED,REDACTED,423,REDACTED,REDACTED,English,23,Female,White,United States,United States,United States,English,No,Other
REDACTED,REDACTED,APPROVED,Not Applicable,REDACTED,REDACTED,REDACTED,REDACTED,553,REDACTED,REDACTED,English,25,Female,White,United States,United States,United States,English,No,Full-Time
REDACTED,REDACTED,APPROVED,Not Applicable,REDACTED,REDACTED,REDACTED,REDACTED,1040,REDACTED,REDACTED,English,23,Female,White,United States,United States,United States,English,Yes,DATA_EXPIRED
REDACTED,REDACTED,APPROVED,Not Applicable,REDACTED,REDACTED,REDACTED,REDACTED,1107,REDACTED,REDACTED,English,26,Female,White,United States,United States,United States,English,Yes,Part-Time
REDACTED,REDACTED,APPROVED,Not Applicable,REDACTED,REDACTED,REDACTED,REDACTED,546,REDACTED,REDACTED,English,27,Female,White,United States,United States,United States,English,No,Full-Time
REDACTED,REDACTED,APPROVED,Not Applicable,REDACTED,REDACTED,REDACTED,REDACTED,395,REDACTED,REDACTED,English,23,Female,White,United States,United States,United States,English,DATA_EXPIRED,DATA_EXPIRED
REDACTED,REDACTED,APPROVED,Not Applicable,REDACTED,REDACTED,REDACTED,REDACTED,1812,REDACTED,REDACTED,English,23,Female,White,United States,United States,United States,English,No,Full-Time
REDACTED,REDACTED,APPROVED,Not Applicable,REDACTED,REDACTED,REDACTED,REDACTED,978,REDACTED,REDACTED,English,18,Female,White,United States,United States,United States,English,Yes,Full-Time
REDACTED,REDACTED,APPROVED,Not Applicable,REDACTED,REDACTED,REDACTED,REDACTED,656,REDACTED,REDACTED,English,22,Female,White,United States,United States,United States,English,Yes,DATA_EXPIRED
REDACTED,REDACTED,APPROVED,Not Applicable,REDACTED,REDACTED,REDACTED,REDACTED,887,REDACTED,REDACTED,English,28,Female,White,United States,United States,United States,English,No,Unemployed (and job seeking)
REDACTED,REDACTED,APPROVED,Not Applicable,REDACTED,REDACTED,REDACTED,REDACTED,784,REDACTED,REDACTED,English,36,Female,White,United States,United States,United States,English,No,Full-Time
REDACTED,REDACTED,APPROVED,Not Applicable,REDACTED,REDACTED,REDACTED,REDACTED,536,REDACTED,REDACTED,English,30,Female,White,United States,United States,United States,English,No,DATA_EXPIRED
REDACTED,REDACTED,APPROVED,Not Applicable,REDACTED,REDACTED,REDACTED,REDACTED,2458,REDACTED,REDACTED,English,34,Female,White,United States,United States,United States,English,DATA_EXPIRED,DATA_EXPIRED
REDACTED,REDACTED,APPROVED,Not Applicable,REDACTED,REDACTED,REDACTED,REDACTED,851,REDACTED,REDACTED,"Japanese, English",28,Female,White,United States,United States,United States,English,No,Full-Time
REDACTED,REDACTED,APPROVED,Not Applicable,REDACTED,REDACTED,REDACTED,REDACTED,939,REDACTED,REDACTED,English,28,Female,White,United States,United States,United States,English,No,Full-Time
REDACTED,REDACTED,APPROVED,Not Applicable,REDACTED,REDACTED,REDACTED,REDACTED,373,REDACTED,REDACTED,English,35,Female,White,United States,United States,United States,English,Yes,Full-Time
REDACTED,REDACTED,APPROVED,Not Applicable,REDACTED,REDACTED,REDACTED,REDACTED,796,REDACTED,REDACTED,English,30,Female,White,United States,United States,United States,English,DATA_EXPIRED,DATA_EXPIRED
REDACTED,REDACTED,APPROVED,Not Applicable,REDACTED,REDACTED,REDACTED,REDACTED,848,REDACTED,REDACTED,English,31,Female,White,United States,United States,United States,English,DATA_EXPIRED,Full-Time
REDACTED,REDACTED,APPROVED,Not Applicable,REDACTED,REDACTED,REDACTED,REDACTED,780,REDACTED,REDACTED,English,33,Female,White,United States,United States,United States,English,No,Part-Time
REDACTED,REDACTED,APPROVED,Not Applicable,REDACTED,REDACTED,REDACTED,REDACTED,501,REDACTED,REDACTED,English,34,Female,White,United States,United States,United States,English,No,Full-Time
REDACTED,REDACTED,APPROVED,Not Applicable,REDACTED,REDACTED,REDACTED,REDACTED,1960,REDACTED,REDACTED,English,32,Female,White,United States,United States,United States,English,No,"Not in paid work (e.g. homemaker', 'retired or disabled)"
REDACTED,REDACTED,APPROVED,Not Applicable,REDACTED,REDACTED,REDACTED,REDACTED,683,REDACTED,REDACTED,English,30,Female,White,United States,United States,United States,English,No,Full-Time
REDACTED,REDACTED,APPROVED,Not Applicable,REDACTED,REDACTED,REDACTED,REDACTED,846,REDACTED,REDACTED,English,33,Female,White,United States,United States,United States,English,No,Other
REDACTED,REDACTED,APPROVED,Not Applicable,REDACTED,REDACTED,REDACTED,REDACTED,432,REDACTED,REDACTED,English,29,Female,White,United States,United States,United States,English,DATA_EXPIRED,DATA_EXPIRED
REDACTED,REDACTED,APPROVED,Not Applicable,REDACTED,REDACTED,REDACTED,REDACTED,495,REDACTED,REDACTED,English,31,Female,White,United States,United States,United States,English,No,Full-Time
REDACTED,REDACTED,APPROVED,Not Applicable,REDACTED,REDACTED,REDACTED,REDACTED,670,REDACTED,REDACTED,English,28,Female,White,United States,United States,United States,English,No,"Not in paid work (e.g. homemaker', 'retired or disabled)"
REDACTED,REDACTED,APPROVED,Not Applicable,REDACTED,REDACTED,REDACTED,REDACTED,1163,REDACTED,REDACTED,English,29,Female,White,United States,United States,United States,English,Yes,Other
REDACTED,REDACTED,APPROVED,Not Applicable,REDACTED,REDACTED,REDACTED,REDACTED,966,REDACTED,REDACTED,English,41,Male,White,United States,United States,United States,English,DATA_EXPIRED,DATA_EXPIRED
REDACTED,REDACTED,APPROVED,Not Applicable,REDACTED,REDACTED,REDACTED,REDACTED,529,REDACTED,REDACTED,English,39,Male,White,United States,United States,United States,English,Yes,Full-Time
REDACTED,REDACTED,APPROVED,Not Applicable,REDACTED,REDACTED,REDACTED,REDACTED,1145,REDACTED,REDACTED,English,45,Male,White,United States,United States,United States,English,DATA_EXPIRED,DATA_EXPIRED
REDACTED,REDACTED,APPROVED,Not Applicable,REDACTED,REDACTED,REDACTED,REDACTED,1715,REDACTED,REDACTED,English,42,Male,White,United States,United States,United States,English,No,DATA_EXPIRED
REDACTED,REDACTED,APPROVED,Not Applicable,REDACTED,REDACTED,REDACTED,REDACTED,567,REDACTED,REDACTED,English,38,Male,White,United States,United States,United States,English,No,Full-Time
REDACTED,REDACTED,APPROVED,Not Applicable,REDACTED,REDACTED,REDACTED,REDACTED,1809,REDACTED,REDACTED,"English, Spanish",47,Male,White,United States,United States,United States,English,Yes,DATA_EXPIRED
REDACTED,REDACTED,APPROVED,Not Applicable,REDACTED,REDACTED,REDACTED,REDACTED,1027,REDACTED,REDACTED,English,42,Male,White,United States,United States,United States,English,No,Part-Time
REDACTED,REDACTED,APPROVED,Not Applicable,REDACTED,REDACTED,REDACTED,REDACTED,1100,REDACTED,REDACTED,"English, German",43,Male,White,United States,United States,United States,English,Yes,Unemployed (and job seeking)
REDACTED,REDACTED,APPROVED,Not Applicable,REDACTED,REDACTED,REDACTED,REDACTED,731,REDACTED,REDACTED,English,40,Male,White,United States,United States,United States,English,No,DATA_EXPIRED
REDACTED,REDACTED,APPROVED,Not Applicable,REDACTED,REDACTED,REDACTED,REDACTED,835,REDACTED,REDACTED,English,38,Male,White,United States,United States,United States,English,No,Full-Time
REDACTED,REDACTED,APPROVED,Not Applicable,REDACTED,REDACTED,REDACTED,REDACTED,2082,REDACTED,REDACTED,English,47,Male,White,United States,United States,United States,English,No,Full-Time
REDACTED,REDACTED,APPROVED,Not Applicable,REDACTED,REDACTED,REDACTED,REDACTED,475,REDACTED,REDACTED,English,39,Male,White,United States,United States,United States,English,DATA_EXPIRED,DATA_EXPIRED
REDACTED,REDACTED,APPROVED,Not Applicable,REDACTED,REDACTED,REDACTED,REDACTED,714,REDACTED,REDACTED,English,44,Male,White,United States,United States,United States,English,No,Full-Time
REDACTED,REDACTED,APPROVED,Not Applicable,REDACTED,REDACTED,REDACTED,REDACTED,704,REDACTED,REDACTED,English,45,Male,White,United States,United States,United States,English,DATA_EXPIRED,DATA_EXPIRED
REDACTED,REDACTED,APPROVED,Not Applicable,REDACTED,REDACTED,REDACTED,REDACTED,720,REDACTED,REDACTED,English,40,Male,White,United States,United States,United States,English,No,Full-Time
REDACTED,REDACTED,APPROVED,Not Applicable,REDACTED,REDACTED,REDACTED,REDACTED,857,REDACTED,REDACTED,English,45,Male,White,United States,United States,United States,English,No,Full-Time
REDACTED,REDACTED,APPROVED,Not Applicable,REDACTED,REDACTED,REDACTED,REDACTED,522,REDACTED,REDACTED,English,47,Male,White,United States,United States,United States,English,No,Full-Time
REDACTED,REDACTED,APPROVED,Not Applicable,REDACTED,REDACTED,REDACTED,REDACTED,628,REDACTED,REDACTED,"Arabic, English",43,Female,White,Palestinian Territory,United States,United States,English,No,"Not in paid work (e.g. homemaker', 'retired or disabled)"
REDACTED,REDACTED,APPROVED,Not Applicable,REDACTED,REDACTED,REDACTED,REDACTED,463,REDACTED,REDACTED,English,47,Female,White,United States,United States,United States,English,Yes,Full-Time
REDACTED,REDACTED,APPROVED,Not Applicable,REDACTED,REDACTED,REDACTED,REDACTED,796,REDACTED,REDACTED,English,39,Female,White,United States,United States,United States,English,No,Full-Time
REDACTED,REDACTED,APPROVED,Not Applicable,REDACTED,REDACTED,REDACTED,REDACTED,927,REDACTED,REDACTED,English,45,Female,White,United States,United States,United States,English,DATA_EXPIRED,Full-Time
REDACTED,REDACTED,APPROVED,Not Applicable,REDACTED,REDACTED,REDACTED,REDACTED,539,REDACTED,REDACTED,English,43,Female,White,United States,United States,United States,English,No,Part-Time
REDACTED,REDACTED,APPROVED,Not Applicable,REDACTED,REDACTED,REDACTED,REDACTED,1741,REDACTED,REDACTED,English,40,Female,White,United States,United States,United States,English,No,Full-Time
REDACTED,REDACTED,APPROVED,Not Applicable,REDACTED,REDACTED,REDACTED,REDACTED,908,REDACTED,REDACTED,English,41,Female,White,United States,United States,United States,English,DATA_EXPIRED,DATA_EXPIRED
REDACTED,REDACTED,APPROVED,Not Applicable,REDACTED,REDACTED,REDACTED,REDACTED,773,REDACTED,REDACTED,English,38,Female,White,United States,United States,United States,English,No,Part-Time
REDACTED,REDACTED,APPROVED,Not Applicable,REDACTED,REDACTED,REDACTED,REDACTED,716,REDACTED,REDACTED,English,44,Female,White,United States,United States,United States,English,DATA_EXPIRED,DATA_EXPIRED
REDACTED,REDACTED,APPROVED,Not Applicable,REDACTED,REDACTED,REDACTED,REDACTED,633,REDACTED,REDACTED,English,41,Female,White,United States,United States,United States,English,DATA_EXPIRED,DATA_EXPIRED
REDACTED,REDACTED,APPROVED,Not Applicable,REDACTED,REDACTED,REDACTED,REDACTED,387,REDACTED,REDACTED,"French, English",44,Female,White,Canada,United States,United States,French,DATA_EXPIRED,DATA_EXPIRED
REDACTED,REDACTED,APPROVED,Not Applicable,REDACTED,REDACTED,REDACTED,REDACTED,703,REDACTED,REDACTED,English,41,Female,White,United States,United States,United States,English,No,"Not in paid work (e.g. homemaker', 'retired or disabled)"
REDACTED,REDACTED,APPROVED,Not Applicable,REDACTED,REDACTED,REDACTED,REDACTED,630,REDACTED,REDACTED,English,38,Female,White,United States,United States,United States,English,No,Part-Time
REDACTED,REDACTED,APPROVED,Not Applicable,REDACTED,REDACTED,REDACTED,REDACTED,812,REDACTED,REDACTED,English,43,Female,White,United States,United States,United States,English,No,Unemployed (and job seeking)
REDACTED,REDACTED,APPROVED,Not Applicable,REDACTED,REDACTED,REDACTED,REDACTED,1361,REDACTED,REDACTED,English,39,Female,White,United States,United States,United States,English,No,Full-Time
REDACTED,REDACTED,APPROVED,Not Applicable,REDACTED,REDACTED,REDACTED,REDACTED,715,REDACTED,REDACTED,English,44,Female,White,United States,United States,United States,English,DATA_EXPIRED,DATA_EXPIRED
REDACTED,REDACTED,APPROVED,Not Applicable,REDACTED,REDACTED,REDACTED,REDACTED,716,REDACTED,REDACTED,English,41,Female,White,United States,United States,United States,English,No,Part-Time
REDACTED,REDACTED,APPROVED,Not Applicable,REDACTED,REDACTED,REDACTED,REDACTED,1636,REDACTED,REDACTED,English,42,Female,White,United States,United States,United States,English,No,Full-Time
REDACTED,REDACTED,APPROVED,Not Applicable,REDACTED,REDACTED,REDACTED,REDACTED,2305,REDACTED,REDACTED,English,62,Female,Black,United States,United States,United States,English,No,Other
REDACTED,REDACTED,APPROVED,Not Applicable,REDACTED,REDACTED,REDACTED,REDACTED,2489,REDACTED,REDACTED,English,61,Female,Black,United States,United States,United States,English,No,Full-Time
REDACTED,REDACTED,APPROVED,Not Applicable,REDACTED,REDACTED,REDACTED,REDACTED,1228,REDACTED,REDACTED,English,70,Female,Black,United States,United States,United States,English,No,DATA_EXPIRED
REDACTED,REDACTED,APPROVED,Not Applicable,REDACTED,REDACTED,REDACTED,REDACTED,1568,REDACTED,REDACTED,English,64,Female,Black,United States,United States,United States,English,DATA_EXPIRED,DATA_EXPIRED
REDACTED,REDACTED,APPROVED,Not Applicable,REDACTED,REDACTED,REDACTED,REDACTED,1820,REDACTED,REDACTED,English,59,Female,Black,United States,United States,United States,English,No,Unemployed (and job seeking)
REDACTED,REDACTED,APPROVED,Not Applicable,REDACTED,REDACTED,REDACTED,REDACTED,2265,REDACTED,REDACTED,English,67,Female,Black,United States,United States,United States,English,No,"Not in paid work (e.g. homemaker', 'retired or disabled)"
REDACTED,REDACTED,APPROVED,Not Applicable,REDACTED,REDACTED,REDACTED,REDACTED,206,REDACTED,REDACTED,English,23,Male,Black,United States,United States,United States,English,No,Full-Time
REDACTED,REDACTED,APPROVED,Not Applicable,REDACTED,REDACTED,REDACTED,REDACTED,894,REDACTED,REDACTED,English,22,Male,Black,United States,United States,United States,English,No,Full-Time
REDACTED,REDACTED,APPROVED,Not Applicable,REDACTED,REDACTED,REDACTED,REDACTED,3173,REDACTED,REDACTED,"English, French",27,Male,Black,United States,United States,United States,English,DATA_EXPIRED,DATA_EXPIRED
REDACTED,REDACTED,APPROVED,Not Applicable,REDACTED,REDACTED,REDACTED,REDACTED,726,REDACTED,REDACTED,English,23,Male,Black,United States,United States,United States,English,DATA_EXPIRED,DATA_EXPIRED
REDACTED,REDACTED,APPROVED,Not Applicable,REDACTED,REDACTED,REDACTED,REDACTED,1710,REDACTED,REDACTED,English,34,Male,Black,United States,United States,United States,English,No,Full-Time
REDACTED,REDACTED,APPROVED,Not Applicable,REDACTED,REDACTED,REDACTED,REDACTED,3153,REDACTED,REDACTED,"English, French",35,Male,Black,United States,United States,United States,English,DATA_EXPIRED,DATA_EXPIRED
REDACTED,REDACTED,APPROVED,Not Applicable,REDACTED,REDACTED,REDACTED,REDACTED,1002,REDACTED,REDACTED,English,36,Male,Black,United States,United States,United States,English,No,Full-Time
REDACTED,REDACTED,APPROVED,Not Applicable,REDACTED,REDACTED,REDACTED,REDACTED,2141,REDACTED,REDACTED,English,29,Male,Black,United States,United States,United States,English,DATA_EXPIRED,DATA_EXPIRED
REDACTED,REDACTED,APPROVED,Not Applicable,REDACTED,REDACTED,REDACTED,REDACTED,1310,REDACTED,REDACTED,English,62,Male,Black,DATA_EXPIRED,United States,United States,English,No,DATA_EXPIRED
REDACTED,REDACTED,APPROVED,Not Applicable,REDACTED,REDACTED,REDACTED,REDACTED,3097,REDACTED,REDACTED,English,60,Male,Black,United States,United States,United States,English,No,Part-Time
REDACTED,REDACTED,APPROVED,Not Applicable,REDACTED,REDACTED,REDACTED,REDACTED,784,REDACTED,REDACTED,English,59,Male,Black,United States,United States,United States,English,DATA_EXPIRED,DATA_EXPIRED
REDACTED,REDACTED,APPROVED,Not Applicable,REDACTED,REDACTED,REDACTED,REDACTED,1963,REDACTED,REDACTED,English,63,Male,Black,United States,United States,United States,English,DATA_EXPIRED,DATA_EXPIRED
REDACTED,REDACTED,APPROVED,Not Applicable,REDACTED,REDACTED,REDACTED,REDACTED,939,REDACTED,REDACTED,English,22,Female,Black,United States,United States,United States,English,DATA_EXPIRED,DATA_EXPIRED
REDACTED,REDACTED,APPROVED,Not Applicable,REDACTED,REDACTED,REDACTED,REDACTED,1856,REDACTED,REDACTED,English,25,Female,Black,United States,United States,United States,English,Yes,Other
REDACTED,REDACTED,APPROVED,Not Applicable,REDACTED,REDACTED,REDACTED,REDACTED,1911,REDACTED,REDACTED,"Twi, English",19,Female,Black,Ghana,United States,United States,Twi,Yes,Part-Time
REDACTED,REDACTED,APPROVED,Not Applicable,REDACTED,REDACTED,REDACTED,REDACTED,909,REDACTED,REDACTED,English,22,Female,Black,United States,United States,United States,English,Yes,Part-Time
REDACTED,REDACTED,APPROVED,Not Applicable,REDACTED,REDACTED,REDACTED,REDACTED,1050,REDACTED,REDACTED,English,35,Female,Black,United States,United States,United States,English,DATA_EXPIRED,DATA_EXPIRED
REDACTED,REDACTED,APPROVED,Not Applicable,REDACTED,REDACTED,REDACTED,REDACTED,1108,REDACTED,REDACTED,English,37,Female,Black,United States,United States,United States,English,No,DATA_EXPIRED
REDACTED,REDACTED,APPROVED,Not Applicable,REDACTED,REDACTED,REDACTED,REDACTED,772,REDACTED,REDACTED,English,28,Female,Black,United States,United States,United States,English,No,Unemployed (and job seeking)
REDACTED,REDACTED,APPROVED,Not Applicable,REDACTED,REDACTED,REDACTED,REDACTED,919,REDACTED,REDACTED,English,35,Female,Black,United States,United States,United States,English,No,Full-Time
REDACTED,REDACTED,APPROVED,Not Applicable,REDACTED,REDACTED,REDACTED,REDACTED,2426,REDACTED,REDACTED,English,38,Male,Black,United States,United States,United States,English,No,Full-Time
REDACTED,REDACTED,APPROVED,Not Applicable,REDACTED,REDACTED,REDACTED,REDACTED,2072,REDACTED,REDACTED,English,43,Male,Black,United States,United States,United States,English,No,DATA_EXPIRED
REDACTED,REDACTED,APPROVED,Not Applicable,REDACTED,REDACTED,REDACTED,REDACTED,1579,REDACTED,REDACTED,English,40,Male,Black,United States,United States,United States,English,No,Part-Time
REDACTED,REDACTED,APPROVED,Not Applicable,REDACTED,REDACTED,REDACTED,REDACTED,3143,REDACTED,REDACTED,English,44,Male,Black,United States,United States,United States,English,DATA_EXPIRED,DATA_EXPIRED
REDACTED,REDACTED,APPROVED,Not Applicable,REDACTED,REDACTED,REDACTED,REDACTED,1305,REDACTED,REDACTED,English,56,Male,Black,United States,United States,United States,English,No,Other
REDACTED,REDACTED,APPROVED,Not Applicable,REDACTED,REDACTED,REDACTED,REDACTED,600,REDACTED,REDACTED,English,51,Male,Black,United States,United States,United States,English,No,Full-Time
REDACTED,REDACTED,APPROVED,Not Applicable,REDACTED,REDACTED,REDACTED,REDACTED,1975,REDACTED,REDACTED,English,47,Female,Black,United States,United States,United States,English,No,Full-Time
REDACTED,REDACTED,APPROVED,Not Applicable,REDACTED,REDACTED,REDACTED,REDACTED,508,REDACTED,REDACTED,"English, Spanish",38,Female,Black,United States,United States,United States,English,DATA_EXPIRED,DATA_EXPIRED
REDACTED,REDACTED,APPROVED,Not Applicable,REDACTED,REDACTED,REDACTED,REDACTED,1165,REDACTED,REDACTED,English,44,Female,Black,United States,United States,United States,English,No,Full-Time
REDACTED,REDACTED,APPROVED,Not Applicable,REDACTED,REDACTED,REDACTED,REDACTED,1044,REDACTED,REDACTED,English,54,Female,Black,United States,United States,United States,English,No,Part-Time
REDACTED,REDACTED,APPROVED,Not Applicable,REDACTED,REDACTED,REDACTED,REDACTED,1009,REDACTED,REDACTED,English,57,Female,Black,United States,United States,United States,English,No,Full-Time
REDACTED,REDACTED,APPROVED,Not Applicable,REDACTED,REDACTED,REDACTED,REDACTED,1007,REDACTED,REDACTED,English,48,Female,Black,United States,United States,United States,English,No,Full-Time
REDACTED,REDACTED,APPROVED,Not Applicable,REDACTED,REDACTED,REDACTED,REDACTED,1031,REDACTED,REDACTED,English,19,Male,Asian,United States,United States,United States,English,Yes,DATA_EXPIRED
REDACTED,REDACTED,APPROVED,Not Applicable,REDACTED,REDACTED,REDACTED,REDACTED,505,REDACTED,REDACTED,English,24,Male,Asian,China,United States,United States,English,No,Full-Time
REDACTED,REDACTED,APPROVED,Not Applicable,REDACTED,REDACTED,REDACTED,REDACTED,682,REDACTED,REDACTED,"English, Gujarati",28,Male,Asian,United States,United States,United States,English,Yes,Full-Time
REDACTED,REDACTED,APPROVED,Not Applicable,REDACTED,REDACTED,REDACTED,REDACTED,591,REDACTED,REDACTED,English,28,Male,Asian,United States,United States,United States,English,No,Full-Time
REDACTED,REDACTED,APPROVED,Not Applicable,REDACTED,REDACTED,REDACTED,REDACTED,586,REDACTED,REDACTED,English,42,Male,Asian,United States,United States,United States,English,No,DATA_EXPIRED
REDACTED,REDACTED,APPROVED,Not Applicable,REDACTED,REDACTED,REDACTED,REDACTED,792,REDACTED,REDACTED,English,40,Male,Asian,United States,United States,United States,English,DATA_EXPIRED,DATA_EXPIRED
REDACTED,REDACTED,APPROVED,Not Applicable,REDACTED,REDACTED,REDACTED,REDACTED,1429,REDACTED,REDACTED,English,72,Male,Asian,United States,United States,United States,English,No,"Not in paid work (e.g. homemaker', 'retired or disabled)"
REDACTED,REDACTED,APPROVED,Not Applicable,REDACTED,REDACTED,REDACTED,REDACTED,1226,REDACTED,REDACTED,"English, Chinese",59,Male,Asian,Taiwan,United States,United States,Chinese,No,Part-Time
REDACTED,REDACTED,APPROVED,Not Applicable,REDACTED,REDACTED,REDACTED,REDACTED,585,REDACTED,REDACTED,English,26,Female,Asian,United States,United States,United States,English,No,DATA_EXPIRED
REDACTED,REDACTED,APPROVED,Not Applicable,REDACTED,REDACTED,REDACTED,REDACTED,496,REDACTED,REDACTED,"English, Vietnamese",23,Female,Asian,United States,United States,United States,Vietnamese,No,Part-Time
REDACTED,REDACTED,APPROVED,Not Applicable,REDACTED,REDACTED,REDACTED,REDACTED,690,REDACTED,REDACTED,"English, Urdu",34,Female,Asian,Pakistan,United States,United States,English,Yes,Part-Time
REDACTED,REDACTED,APPROVED,Not Applicable,REDACTED,REDACTED,REDACTED,REDACTED,799,REDACTED,REDACTED,English,28,Female,Asian,United States,United States,United States,English,No,Unemployed (and job seeking)
REDACTED,REDACTED,APPROVED,Not Applicable,REDACTED,REDACTED,REDACTED,REDACTED,1186,REDACTED,REDACTED,English,44,Female,Asian,Indonesia,United States,United States,English,No,Part-Time
REDACTED,REDACTED,APPROVED,Not Applicable,REDACTED,REDACTED,REDACTED,REDACTED,663,REDACTED,REDACTED,English,45,Female,Asian,United States,United States,United States,English,No,Part-Time
REDACTED,REDACTED,APPROVED,Not Applicable,REDACTED,REDACTED,REDACTED,REDACTED,541,REDACTED,REDACTED,English,52,Female,Asian,Korea,United States,United States,DATA_EXPIRED,No,Full-Time
REDACTED,REDACTED,APPROVED,Not Applicable,REDACTED,REDACTED,REDACTED,REDACTED,685,REDACTED,REDACTED,English,51,Female,Asian,United States,United States,United States,English,No,Full-Time
REDACTED,REDACTED,APPROVED,Not Applicable,REDACTED,REDACTED,REDACTED,REDACTED,950,REDACTED,REDACTED,English,65,Female,Asian,United States,United States,United States,English,Yes,DATA_EXPIRED
REDACTED,REDACTED,APPROVED,Not Applicable,REDACTED,REDACTED,REDACTED,REDACTED,1004,REDACTED,REDACTED,English,59,Female,Asian,United States,United States,United States,English,No,"Not in paid work (e.g. homemaker', 'retired or disabled)"
REDACTED,REDACTED,APPROVED,Not Applicable,REDACTED,REDACTED,REDACTED,REDACTED,553,REDACTED,REDACTED,English,27,Male,Mixed,United States,United States,United States,English,DATA_EXPIRED,DATA_EXPIRED
REDACTED,REDACTED,APPROVED,Not Applicable,REDACTED,REDACTED,REDACTED,REDACTED,1426,REDACTED,REDACTED,English,24,Male,Other,United States,United States,United States,English,No,DATA_EXPIRED
REDACTED,REDACTED,APPROVED,Not Applicable,REDACTED,REDACTED,REDACTED,REDACTED,1304,REDACTED,REDACTED,English,35,Male,Mixed,United States,United States,United States,English,No,Full-Time
REDACTED,REDACTED,APPROVED,Not Applicable,REDACTED,REDACTED,REDACTED,REDACTED,514,REDACTED,REDACTED,"English, Spanish",28,Male,Other,United States,United States,United States,English,DATA_EXPIRED,DATA_EXPIRED
REDACTED,REDACTED,APPROVED,Not Applicable,REDACTED,REDACTED,REDACTED,REDACTED,1753,REDACTED,REDACTED,English,39,Male,Mixed,United States,United States,United States,English,DATA_EXPIRED,DATA_EXPIRED
REDACTED,REDACTED,APPROVED,Not Applicable,REDACTED,REDACTED,REDACTED,REDACTED,1079,REDACTED,REDACTED,"Spanish, English",38,Male,Other,United States,United States,United States,English,No,DATA_EXPIRED
REDACTED,REDACTED,APPROVED,Not Applicable,REDACTED,REDACTED,REDACTED,REDACTED,1451,REDACTED,REDACTED,English,49,Male,Asian,United States,United States,United States,English,No,Full-Time
REDACTED,REDACTED,APPROVED,Not Applicable,REDACTED,REDACTED,REDACTED,REDACTED,825,REDACTED,REDACTED,English,48,Male,Mixed,United States,United States,United States,English,No,DATA_EXPIRED
REDACTED,REDACTED,APPROVED,Not Applicable,REDACTED,REDACTED,REDACTED,REDACTED,681,REDACTED,REDACTED,English,51,Male,Other,United States,United States,United States,English,No,DATA_EXPIRED
REDACTED,REDACTED,APPROVED,Not Applicable,REDACTED,REDACTED,REDACTED,REDACTED,472,REDACTED,REDACTED,English,59,Male,Mixed,United States,United States,United States,English,Yes,Unemployed (and job seeking)
REDACTED,REDACTED,APPROVED,Not Applicable,REDACTED,REDACTED,REDACTED,REDACTED,718,REDACTED,REDACTED,English,64,Male,Other,United States,United States,United States,English,DATA_EXPIRED,DATA_EXPIRED
REDACTED,REDACTED,APPROVED,Not Applicable,REDACTED,REDACTED,REDACTED,REDACTED,436,REDACTED,REDACTED,English,27,Female,Mixed,United States,United States,United States,English,No,Part-Time
REDACTED,REDACTED,APPROVED,Not Applicable,REDACTED,REDACTED,REDACTED,REDACTED,546,REDACTED,REDACTED,English,21,Female,Other,United States,United States,United States,English,Yes,Other
REDACTED,REDACTED,APPROVED,Not Applicable,REDACTED,REDACTED,REDACTED,REDACTED,947,REDACTED,REDACTED,English,31,Female,Mixed,United States,United States,United States,English,No,Part-Time
REDACTED,REDACTED,APPROVED,Not Applicable,REDACTED,REDACTED,REDACTED,REDACTED,1552,REDACTED,REDACTED,"English, Spanish",34,Female,Other,United States,United States,United States,English,No,"Not in paid work (e.g. homemaker', 'retired or disabled)"
REDACTED,REDACTED,APPROVED,Not Applicable,REDACTED,REDACTED,REDACTED,REDACTED,1033,REDACTED,REDACTED,English,41,Female,Mixed,United States,United States,United States,English,No,DATA_EXPIRED
REDACTED,REDACTED,APPROVED,Not Applicable,REDACTED,REDACTED,REDACTED,REDACTED,1443,REDACTED,REDACTED,English,38,Female,Other,United States,United States,United States,English,No,DATA_EXPIRED
REDACTED,REDACTED,APPROVED,Not Applicable,REDACTED,REDACTED,REDACTED,REDACTED,1237,REDACTED,REDACTED,English,53,Female,Mixed,United States,United States,United States,English,DATA_EXPIRED,DATA_EXPIRED
REDACTED,REDACTED,APPROVED,Not Applicable,REDACTED,REDACTED,REDACTED,REDACTED,850,REDACTED,REDACTED,English,50,Female,Other,United States,United States,United States,English,No,Unemployed (and job seeking)
REDACTED,REDACTED,APPROVED,Not Applicable,REDACTED,REDACTED,REDACTED,REDACTED,951,REDACTED,REDACTED,English,65,Female,Mixed,United States,United States,United States,English,No,Full-Time
REDACTED,REDACTED,APPROVED,Not Applicable,REDACTED,REDACTED,REDACTED,REDACTED,731,REDACTED,REDACTED,English,66,Female,Other,United States,United States,United States,English,No,"Not in paid work (e.g. homemaker', 'retired or disabled)"
REDACTED,REDACTED,RETURNED,Not Applicable,REDACTED,,,,,,REDACTED,CONSENT_REVOKED,CONSENT_REVOKED,CONSENT_REVOKED,CONSENT_REVOKED,CONSENT_REVOKED,CONSENT_REVOKED,CONSENT_REVOKED,CONSENT_REVOKED,CONSENT_REVOKED,CONSENT_REVOKED
REDACTED,REDACTED,RETURNED,Not Applicable,REDACTED,,,,,,REDACTED,CONSENT_REVOKED,CONSENT_REVOKED,CONSENT_REVOKED,CONSENT_REVOKED,CONSENT_REVOKED,CONSENT_REVOKED,CONSENT_REVOKED,CONSENT_REVOKED,CONSENT_REVOKED,CONSENT_REVOKED
REDACTED,REDACTED,TIMED-OUT,Not Applicable,REDACTED,,,,842190,,REDACTED,English,76,Female,White,United States,United States,United States,English,No,"Not in paid work (e.g. homemaker', 'retired or disabled)"
REDACTED,REDACTED,RETURNED,Not Applicable,REDACTED,,,,,,REDACTED,CONSENT_REVOKED,CONSENT_REVOKED,CONSENT_REVOKED,CONSENT_REVOKED,CONSENT_REVOKED,CONSENT_REVOKED,CONSENT_REVOKED,CONSENT_REVOKED,CONSENT_REVOKED,CONSENT_REVOKED
REDACTED,REDACTED,TIMED-OUT,Not Applicable,REDACTED,,,,783049,,REDACTED,English,29,Female,White,United States,United States,United States,English,No,Unemployed (and job seeking)
REDACTED,REDACTED,TIMED-OUT,Not Applicable,REDACTED,,,,765391,,REDACTED,"Spanish, English",43,Male,White,United States,United States,United States,English,No,Full-Time
REDACTED,REDACTED,RETURNED,Not Applicable,REDACTED,,,,,,REDACTED,CONSENT_REVOKED,CONSENT_REVOKED,CONSENT_REVOKED,CONSENT_REVOKED,CONSENT_REVOKED,CONSENT_REVOKED,CONSENT_REVOKED,CONSENT_REVOKED,CONSENT_REVOKED,CONSENT_REVOKED
REDACTED,REDACTED,RETURNED,Not Applicable,REDACTED,,,,,,REDACTED,CONSENT_REVOKED,CONSENT_REVOKED,CONSENT_REVOKED,CONSENT_REVOKED,CONSENT_REVOKED,CONSENT_REVOKED,CONSENT_REVOKED,CONSENT_REVOKED,CONSENT_REVOKED,CONSENT_REVOKED
REDACTED,REDACTED,TIMED-OUT,Not Applicable,REDACTED,,,,689831,,REDACTED,English,63,Male,White,United States,United States,United States,English,No,DATA_EXPIRED
REDACTED,REDACTED,RETURNED,Not Applicable,REDACTED,,,,,,REDACTED,CONSENT_REVOKED,CONSENT_REVOKED,CONSENT_REVOKED,CONSENT_REVOKED,CONSENT_REVOKED,CONSENT_REVOKED,CONSENT_REVOKED,CONSENT_REVOKED,CONSENT_REVOKED,CONSENT_REVOKED
REDACTED,REDACTED,RETURNED,Not Applicable,REDACTED,,,,,,REDACTED,CONSENT_REVOKED,CONSENT_REVOKED,CONSENT_REVOKED,CONSENT_REVOKED,CONSENT_REVOKED,CONSENT_REVOKED,CONSENT_REVOKED,CONSENT_REVOKED,CONSENT_REVOKED,CONSENT_REVOKED
REDACTED,REDACTED,RETURNED,Not Applicable,REDACTED,,,,,,REDACTED,CONSENT_REVOKED,CONSENT_REVOKED,CONSENT_REVOKED,CONSENT_REVOKED,CONSENT_REVOKED,CONSENT_REVOKED,CONSENT_REVOKED,CONSENT_REVOKED,CONSENT_REVOKED,CONSENT_REVOKED
REDACTED,REDACTED,RETURNED,Not Applicable,REDACTED,,,,,,REDACTED,CONSENT_REVOKED,CONSENT_REVOKED,CONSENT_REVOKED,CONSENT_REVOKED,CONSENT_REVOKED,CONSENT_REVOKED,CONSENT_REVOKED,CONSENT_REVOKED,CONSENT_REVOKED,CONSENT_REVOKED
REDACTED,REDACTED,TIMED-OUT,Not Applicable,REDACTED,,,,657846,,REDACTED,"Telugu, English",23,Male,Asian,India,United States,United States,English,Yes,Full-Time
REDACTED,REDACTED,RETURNED,Not Applicable,REDACTED,,,,,,REDACTED,CONSENT_REVOKED,CONSENT_REVOKED,CONSENT_REVOKED,CONSENT_REVOKED,CONSENT_REVOKED,CONSENT_REVOKED,CONSENT_REVOKED,CONSENT_REVOKED,CONSENT_REVOKED,CONSENT_REVOKED
REDACTED,REDACTED,RETURNED,Not Applicable,REDACTED,,,,,,REDACTED,CONSENT_REVOKED,CONSENT_REVOKED,CONSENT_REVOKED,CONSENT_REVOKED,CONSENT_REVOKED,CONSENT_REVOKED,CONSENT_REVOKED,CONSENT_REVOKED,CONSENT_REVOKED,CONSENT_REVOKED
REDACTED,REDACTED,TIMED-OUT,Not Applicable,REDACTED,,,,423291,,REDACTED,English,50,Female,White,United States,United States,United States,English,No,Due to start a new job within the next month
REDACTED,REDACTED,RETURNED,Not Applicable,REDACTED,,,,,,REDACTED,CONSENT_REVOKED,CONSENT_REVOKED,CONSENT_REVOKED,CONSENT_REVOKED,CONSENT_REVOKED,CONSENT_REVOKED,CONSENT_REVOKED,CONSENT_REVOKED,CONSENT_REVOKED,CONSENT_REVOKED
REDACTED,REDACTED,TIMED-OUT,Not Applicable,REDACTED,,,,347925,,REDACTED,English,79,Male,Other,Tanzania,United States,United States,Punjabi,No,Other
REDACTED,REDACTED,TIMED-OUT,Not Applicable,REDACTED,,,,343939,,REDACTED,English,73,Male,White,United States,United States,United States,English,No,"Not in paid work (e.g. homemaker', 'retired or disabled)"
REDACTED,REDACTED,RETURNED,Not Applicable,REDACTED,,,,,,REDACTED,CONSENT_REVOKED,CONSENT_REVOKED,CONSENT_REVOKED,CONSENT_REVOKED,CONSENT_REVOKED,CONSENT_REVOKED,CONSENT_REVOKED,CONSENT_REVOKED,CONSENT_REVOKED,CONSENT_REVOKED
REDACTED,REDACTED,RETURNED,Not Applicable,REDACTED,,,,,,REDACTED,CONSENT_REVOKED,CONSENT_REVOKED,CONSENT_REVOKED,CONSENT_REVOKED,CONSENT_REVOKED,CONSENT_REVOKED,CONSENT_REVOKED,CONSENT_REVOKED,CONSENT_REVOKED,CONSENT_REVOKED
REDACTED,REDACTED,RETURNED,Not Applicable,REDACTED,,,,,,REDACTED,CONSENT_REVOKED,CONSENT_REVOKED,CONSENT_REVOKED,CONSENT_REVOKED,CONSENT_REVOKED,CONSENT_REVOKED,CONSENT_REVOKED,CONSENT_REVOKED,CONSENT_REVOKED,CONSENT_REVOKED
REDACTED,REDACTED,RETURNED,Not Applicable,REDACTED,,,,,,REDACTED,CONSENT_REVOKED,CONSENT_REVOKED,CONSENT_REVOKED,CONSENT_REVOKED,CONSENT_REVOKED,CONSENT_REVOKED,CONSENT_REVOKED,CONSENT_REVOKED,CONSENT_REVOKED,CONSENT_REVOKED
REDACTED,REDACTED,RETURNED,Not Applicable,REDACTED,,,,,,REDACTED,CONSENT_REVOKED,CONSENT_REVOKED,CONSENT_REVOKED,CONSENT_REVOKED,CONSENT_REVOKED,CONSENT_REVOKED,CONSENT_REVOKED,CONSENT_REVOKED,CONSENT_REVOKED,CONSENT_REVOKED
REDACTED,REDACTED,RETURNED,Not Applicable,REDACTED,,,,,,REDACTED,CONSENT_REVOKED,CONSENT_REVOKED,CONSENT_REVOKED,CONSENT_REVOKED,CONSENT_REVOKED,CONSENT_REVOKED,CONSENT_REVOKED,CONSENT_REVOKED,CONSENT_REVOKED,CONSENT_REVOKED
REDACTED,REDACTED,RETURNED,Not Applicable,REDACTED,,,,,,REDACTED,CONSENT_REVOKED,CONSENT_REVOKED,CONSENT_REVOKED,CONSENT_REVOKED,CONSENT_REVOKED,CONSENT_REVOKED,CONSENT_REVOKED,CONSENT_REVOKED,CONSENT_REVOKED,CONSENT_REVOKED
REDACTED,REDACTED,RETURNED,Not Applicable,REDACTED,,,,,,REDACTED,CONSENT_REVOKED,CONSENT_REVOKED,CONSENT_REVOKED,CONSENT_REVOKED,CONSENT_REVOKED,CONSENT_REVOKED,CONSENT_REVOKED,CONSENT_REVOKED,CONSENT_REVOKED,CONSENT_REVOKED
REDACTED,REDACTED,RETURNED,Not Applicable,REDACTED,,,,,,REDACTED,CONSENT_REVOKED,CONSENT_REVOKED,CONSENT_REVOKED,CONSENT_REVOKED,CONSENT_REVOKED,CONSENT_REVOKED,CONSENT_REVOKED,CONSENT_REVOKED,CONSENT_REVOKED,CONSENT_REVOKED
REDACTED,REDACTED,RETURNED,Not Applicable,REDACTED,,,,,,REDACTED,CONSENT_REVOKED,CONSENT_REVOKED,CONSENT_REVOKED,CONSENT_REVOKED,CONSENT_REVOKED,CONSENT_REVOKED,CONSENT_REVOKED,CONSENT_REVOKED,CONSENT_REVOKED,CONSENT_REVOKED
